method,loo_wis,ranking
log_score_bma,638.4011558899005,1
stacking,661.6155275699984,2
inverse_wis,684.2192303810989,3
