method,loo_wis,ranking
log_score_bma,624.7379381917293,1
stacking,661.512201602636,2
inverse_wis,697.9302987985865,3
